Name,Boroughs,Cuisine,Address,Phone Number,Website,Rating,Reviews,Price,Category,Features,Lat,Lng,Link,Neighborhood
Fitoor Cafe & Grill Lounge,Queens,"Hookah Bars, Halal, Cafes","179-22 Union Tpke, Flushing, NY 11366",1 718-969-7000,fitoorcafe.mknxonline.com,4.6,956,2.0,"Hookah Bars, Halal, Cafes","Delivery, Takeout, 
Dine-in, Children",40.7265806,-73.7882865,https://maps.app.goo.gl/PE94hp3ZbJm5rhmz9,Flushing
Carifesta,Queens,Caribbean,"12615 Liberty Ave, South Richmond Hill, NY 11419",1 718-322-2210,carifesta.edan.io,3.7,444,1.0,Caribbean,"Delivery, Takeout, 
Dine-in, Children",40.6887898,-73.8179396,https://maps.google.com/?cid=8260717651472311425,South Richmond Hill
Carifesta,Bronx,Caribbean,"4251 White Plains Rd, Bronx, NY 10466",1 718-325-2261,www.carifestarestaurant.com,4.2,174,1.0,Caribbean,"Delivery, Takeout, 
Dine-in, Children",40.8947879,-73.8568142,https://maps.google.com/?cid=4983730054482874179,Bronx
Terry And Yaki Cart,Queens,Japanese,"27-01 Queens Plaza N, Long Island City, NY 11101",,,4.6,250,1.0,Japanese,"Takeout, 
Dine-in,",40.7510021,-73.9402437,https://maps.google.com/?cid=5233077628042269898,Long Island City
Nur Thai,Queens,Thai ,"63-32 Woodhaven Blvd, Rego Park, NY 11374",1 718-255-6141,www.ordernurthai.com,4.3,1205,2.0,Thai ,"No-contact delivery,
Delivery,
Takeout,
Dine-in",40.72345,-73.8689519,https://maps.google.com/?cid=12463461013879222749,Rego Park
Momo's Mediterranean Grill,Brooklyn,Mediterranean,"25 101St Ave, Brooklyn, NY 11208",1 718-552-2270,,4.0,408,2.0,,"Delivery, Takeout, 
Dine-in, Children",40.6793731,-73.8637847,https://maps.google.com/?cid=506775681345198167,Brooklyn
Nepali Bhanchha Ghar,Queens,Nepalese ,"74-15 Roosevelt Ave, Jackson Heights, NY",(718) 255-6657,https://www.bhanchhagharny.com/,3.9,848,1.0,Nepalese ,"Delivery, Takeout, 
Dine-in",40.7471963,-73.891111,https://maps.google.com/?cid=14052903928583350594,Jackson Heights
Thai Nara,Queens,Thai ,"64-02 35Th Ave, Woodside, NY 11377",718-606-8842,www.thainarahalal.com,4.6,333,1.0,Thai,,40.750112,-73.89848,https://maps.google.com/?cid=8058849337994050084,Woodside
Big Arc Chicken,Manhattan ,Middle Eastern ,"233 1St Ave., New York, NY 10003",1 212-477-0091,www.bigarchicken.com,4.3,528,1.0,Middle Eastern ,"No-contact delivery,
Delivery,
Takeout,
Dine-in",40.7311919,-73.9829734,https://maps.google.com/?cid=13598521559545022843,New York
Aroma Indian Cuisine,Queens,Indian ,"6340 Woodhaven Blvd, Rego Park, NY 11374",7182000010,https://www.orderaromaindian.com/,4.2,467,2.0,Indian ,"No-contact delivery,
Curbside pickup,
Dine-in",40.7233575,-73.8686657,https://maps.google.com/?cid=15083467911688621157,Rego Park
Desi Galli,Manhattan ,Indian ,"172 Avenue B, New York, NY 10009", 212-475-3374,www.desigalli.com,4.3,283,1.0,Indian ,"No-contact delivery,
Curbside pickup,
Dine-in",40.7273649,-73.9797204,https://maps.google.com/?cid=12916233406364455546,New York
Desi Galli,Manhattan ,Indian ,"101 Lexington Ave, New York, NY 10016",2126832292,http://www.desigalli.com/,4.0,370,1.0,Indian ,"Delivery, Takeout, 
Dine-in",40.7421254,-73.9826276,https://maps.google.com/?cid=12720087074437361205,New York
AwesomeSauce,Queens,,"40-06 Astoria Blvd S, Astoria, NY 11103",7182040275,https://www.instagram.com/awesomesauceastoria,3.9,194,1.0,,"Delivery, Takeout, 
Dine-in",40.7686913,-73.9106466,https://maps.google.com/?cid=18277685193618104648,Astoria
Mahmoud's Corner Halal Food Cart,Queens,,"
34Th Ave, Astoria, NY 11103",917-295-2281,mahmouds34thavecorner.weebly.com,4.5,1063,1.0,,"Delivery, Takeout, 
Dine-in",40.7568858,-73.9210012,https://maps.google.com/?cid=9304258340392610132,Astoria
Halal Munchies,Queens,,"25-35 Steinway St, Astoria, NY 11103",9177450585,https://eathalalmunchies.com/,4.5,722,1.0,,"No-contact delivery,
Takeout,
Dine-in",40.766934,-73.912149,https://maps.google.com/?cid=10801541469640032038,Astoria
Momo Crave,Queens,Nepalese ,"38-07 69Th St, Woodside, NY 11377",7182551714,https://momocrave.com/,4.4,765,1.0,Nepalese ,"No-contact delivery,
Takeout,
Dine-in",40.7468533,-73.8963091,https://maps.google.com/?cid=11780410401205593046,Woodside
Oba Grill,Queens,Mediterranean,"70-35 Austin St, Forest Hills, NY 11375",7185440915,http://obagrill.com/,4.1,1235,2.0,Mediterranean,"No-contact delivery,
Curbside pickup,
Dine-in",40.7206215,-73.8456826,https://maps.google.com/?cid=13891226554689620984,Forest Hills
Tallgrass Burger,Manhattan ,Hamburger,"214 1St Ave., New York, NY 10009",2122532990,http://tallgrassburgers.com/,4.5,919,1.0,Hamburger,"No-contact delivery,
Takeout,
Dine-in",40.7304761,-73.9829575,https://maps.google.com/?cid=18429246491260868108,New York
Sam's Steak & Grill,Long Island,Steak ,"58 Rockaway Ave, Valley Stream, NY 11580",5168370007,http://samsteakgrill.com/,4.3,1129,2.0,Steak ,"Delivery, Takeout, 
Dine-in",40.6639563,-73.6986582,https://maps.google.com/?cid=10898268770470945512,Valley Stream
Memo Shish Kebab ,Manhattan ,Turkish,"100 W 23Rd St, New York, NY 10011",2123812115,https://www.memoshishkebab.com/,4.0,994,1.0,Turkish,"No-contact delivery, Takeout, Dine-in",40.7428845,-73.9932328,https://maps.google.com/?cid=4923161753864356998,New York
Halalbee's,Queens,Hamburger,"182-26 Hillside Ave., Jamaica, NY 11432",7185590111,http://halalbees.com/,4.5,1361,1.0,Hamburger,"No-contact delivery, Takeout, Dine-in",40.7134136,-73.7795649,https://maps.google.com/?cid=8888760296031498475,Jamaica
Hot Peppers,Queens ,Mexican ,"78-33 Springfield Blvd, Oakland Gardens, NY 11364",3476767566,http://hotpeppersinc.com/,4.4,1261,1.0,Mexican ,"No-contact delivery, Takeout, Dine-in",40.73646,-73.7469081,https://maps.google.com/?cid=1046807889731558376,Oakland Gardens
Aba,Manhattan ,Turkish,"325 W 57Th St, New York, NY 10019",2129691782,https://www.abaturkishrestaurant.com/,4.3,1608,2.0,Turkish,"No-contact delivery,
Curbside pickup,
Dine-in",40.767473,-73.983925,https://maps.google.com/?cid=11648603571450541239,New York
Kabab King,Queens,Kebab ,"7301 37Th Rd, Jackson Heights, NY 11372",7184575857,http://kababking.com/,3.6,3337,1.0,Kebab ,"No-contact delivery, Takeout, Dine-in",40.747266,-73.892277,https://maps.google.com/?cid=1386239815096413788,Jackson Heights
Kotti Berliner Döner Kebab,Brooklyn,German ,"445 Albee Square W, Brooklyn, NY 11201",9293790453,http://www.kottidoner.com/,4.4,529,1.0,German ,"No-contact delivery, Takeout, Dine-in",40.6907958,-73.9832514,https://maps.google.com/?cid=15536379259020377370,Brooklyn
Ali's Trinidad Roti Shop,Brooklyn,Caribbean,"1267 Fulton St, Brooklyn, NY 11216",3477891835,https://alistrinbagorotishop.com/,4.4,1452,1.0,Caribbean,"No-contact delivery, Takeout, Dine-in",40.6805494,-73.950721,https://maps.google.com/?cid=6185356732180205547,Brooklyn
Darbar's Chicken & Ribs,Queens,,"12609 Liberty Ave, South Richmond Hill, NY 11419",17185294900,https://darbarsonline.com/,4.2,1117,1.0,,"No-contact delivery, Takeout, Dine-in",40.688706,-73.818136,https://maps.google.com/?cid=6316836089023217864,South Richmond Hill
Ruzana,Brooklyn,Middle Eastern ,"486 85Th St, Brooklyn, NY 11209",3476626208,eatruzana.com,4.3,830,1.0,Middle Eastern ,"No-contact delivery,
Curbside pickup,
Dine-in",40.6221721,-74.0260156,https://maps.google.com/?cid=14545708519370822482,Brooklyn
Rasa,Manhattan ,Malaysian ,"25 W 8Th St, New York, NY 10011",2122539888,https://www.rasanyc.com/,4.5,1223,2.0,Malaysian ,"Takeout, Dine-in, Delivery",40.7329711,-73.9976527,https://maps.google.com/?cid=15012526588871475680,New York
Brooklyn Halal Grill,Brooklyn,,"1148 Liberty Ave, Brooklyn, NY 11208",7182355920,http://places.singleplatform.com/brooklyn-halal-grill/menu?ref=google,4.1,573,1.0,,"Takeout, Dine-in, Delivery",40.6785742,-73.866771,https://maps.google.com/?cid=10147420877547278738,Brooklyn
Atomic Wings Queens ,Queens,Chicken wings ,"159-23 Hillside Ave., Jamaica, NY 11432",7184806642,https://www.atomicwings.com/,4.0,684,1.0,Chicken wings ,"Takout, No-contact delivery,
Dine-in",40.7081658,-73.8020077,https://maps.google.com/?cid=7611020249868660770,Jamaica
Bakewell,Queens,Bakery,"127-08 Liberty Ave, South Richmond Hill, NY 11419",7183225600,http://places.singleplatform.com/bakewell-bakery-and-restaurant/menu?ref=google,4.2,817,1.0,Bakery,"Takeout, Delivery",40.6885952,-73.8174825,https://maps.google.com/?cid=9242960753233914175,South Richmond Hill
Lasani,Manhattan ,Pakistani,"539 9Th Ave, New York, NY 10018",19179930767,http://lasanimadewithlove.com/,4.1,489,1.0,Pakistani,"Takout, No-contact delivery,
Dine-in",40.7459,-73.98793,https://maps.google.com/?cid=5541622523710308212,New York
Sagar Chinese,Queens,Chinese,"
74-19 37Th Ave, Jackson Heights, NY 11372",7185051002,https://sagarchinese.com/,3.6,1481,2.0,Chinese,"Takeout, Dine-in, Delivery",40.7491701,-73.8911988,https://maps.google.com/?cid=4618326337414480166,Jackson Heights
Sagar Chinese,Queens ,Chinese,"8747 Homelawn St, Jamaica, NY 11432",7186573333,http://sagarchinese.com/,3.6,1815,2.0,Chinese,"Takout, No-contact delivery,
Dine-in",40.711132,-73.792805,https://maps.google.com/?cid=12706880072885263699,Jamaica
BK JANI,Brooklyn,Pakistani ,"679 Grand St, Brooklyn, NY 11211",3474605110,http://bkjani.com/,4.4,1096,2.0,Pakistani ,"Takout, No-contact delivery,
Dine-in",40.702093,-73.9243349,https://maps.google.com/?cid=9252381329861288048,Brooklyn
BK Jani,Brooklyn,Pakistani,"445 Albee Square W, Brooklyn, NY 11201",9293784475,https://www.instagram.com/bkjani/,4.2,223,1.0,Pakistani,"Takout, No-contact delivery,
Dine-in",40.6909202,-73.9830833,https://maps.google.com/?cid=9914144915550099188,Brooklyn
Majnoon Cafe,Queens,Surinamese,"128-12 Liberty Ave, South Richmond Hill, NY 11419",7187381058,https://order.online/business/majnoon-cafe-228282,4.5,132,1.0,Surinamese,"Takeout, Dine-in, Delivery",40.6889642,-73.8165538,https://maps.google.com/?cid=15962019523290379648,South Richmond Hill
Twisted Mexican Grill,Queens ,Mexican,"18-33 Astoria Blvd, Astoria, NY 11102",7182781110,http://places.singleplatform.com/twisted-mexican-grill/menu?ref=google,4.4,292,1.0,Mexican,"Takeout, Dine-in, Delivery",40.7723846,-73.9265453,https://maps.google.com/?cid=9461461216227796614,Astoria
Milk And Honey Cafe,Brooklyn,Brunch,"1119 Newkirk Ave, Brooklyn, NY 11230",7185130441,https://www.milkandhoneycafeny.com/menus/,4.1,2027,2.0,Brunch ,"Takout, No-contact delivery, Dine-in",40.6343373,-73.9661268,https://maps.google.com/?cid=18362650387080526575,Brooklyn
Peri Peri Grill House,Brooklyn ,Fast Food,"235 Malcolm X Blvd, Brooklyn, NY 11233",9179668614,https://periperigrillhouse.dine.online/,4.5,422,1.0,Fast Food,"Takout, No-contact delivery, Dine-in",40.6847466,-73.9291163,https://maps.google.com/?cid=10014876938175894677,Brooklyn
Merit Kabab,Queens,Bangladeshi,"37-67 74Th Street, Flushing, NY 11372",7183965827,http://places.singleplatform.com/k-and-m-merit/menu?ref=google,3.9,833,1.0,Bangladeshi,"Takeout, Dine-in, Delivery",40.7471204,-73.8913084,https://maps.google.com/?cid=7454012728031111363,Flushing
Haat Bazaar Restaurent,Queens,Bangladeshi,"3711 73Rd St #73, Jackson Heights, NY 11372",7182058588,https://m.facebook.com/Haat-Bazar-551236838254380/,3.9,1433,1.0,Bangladeshi,"Takeout, Dine-in, Delivery",40.7484731,-73.8925367,https://maps.google.com/?cid=15189061381037471122,Jackson Heights
Zatar Cafe & Bistro,Brooklyn ,Middle Eastern,"1294 Myrtle Ave, Brooklyn, NY 11221",3476277641,https://zatar.nyc/,4.5,483,1.0,Middle Eastern,"Takout, No-contact delivery,
Dine-in",40.698,-73.9245856,https://maps.google.com/?cid=8610510047582422340,Brooklyn
The Soul Spot,Brooklyn,Soul food ,"302 Atlantic Ave, Brooklyn, NY 11201",7185969933,http://www.soulspotrestaurant.com/,4.2,1175,1.0,Soul food ,"Takout, No-contact delivery,
Dine-in",40.68835,-73.988812,https://maps.google.com/?cid=13200274708853571254,Brooklyn
Queen Sheeba,,Middle Eastern ,"317 W 141St St, New York, NY 10030",,http://places.singleplatform.com/queen-sheeba-restaurant/menu?ref=google,4.3,173,1.0,Middle Eastern ,"Takeout, Dine-in, Delivery",40.820822,-73.9447058,https://maps.google.com/?cid=10737327344855937762,New York
Falafel Tarboosh,Manhattan ,Middle Eastern ,"1701 Amsterdam Ave, New York, NY 10031",2122344434,https://smorefood.com/order-online/falafel-tarboosh-new-york-10031-rf0vxe5r?utm_source=gmb&utm_medium=website,4.5,273,1.0,Middle Eastern ,"Takout, No-contact delivery, Dine-in",40.8245968,-73.9478595,https://maps.google.com/?cid=15745668420639125318,New York
Al Masry,Brooklyn ,Buffet ,"1178 Fulton St, Brooklyn, NY 11216",347-789-5997,,4.5,82,1.0,Buffet ,"Curbside pickup,
Delivery,
Takeout,
Dine-in",40.6805545,-73.9539582,https://maps.google.com/?cid=18390708506603574456,Brooklyn
Affy's Premium Grill,Brooklyn ,Steak,"1909 Coney Island Ave, Brooklyn, NY 11230",718-576-6446,affyspremiumgrill.com,4.3,1726,2.0,Steak,"Takeout, Dine-in, Delivery",40.6108733,-73.9623149,https://maps.google.com/?cid=3033452837433320108,Brooklyn
Pepo’s Pizza,Manhattan ,Pizza,"1522 Amsterdam Ave, New York, NY 10031",9172616476,,4.3,176,1.0,Pizza,"Dine-in, Curbside pickup, No-contaact delivery ",40.8191441,-73.9522861,https://maps.google.com/?cid=12507076534242814526,New York
Les Ambassades,Manhattan ,West African restaurant,"2200 Frederick Douglass Blvd, New York, NY 10026",212-666-0078,,4.1,786,1.0,West African restaurant,"Takeout, Dine-in, Delivery",40.8060966,-73.9538151,https://maps.google.com/?cid=10023086262234397089,New York
My House Burgers and Shakes,Brooklyn ,Hamburger ,"1650 Sheepshead Bay Rd, Brooklyn, NY 11235", 718-934-0400,www.myhouseburgers.com,4.2,1148,2.0,Hamburger ,"Curbside pickup, No-contact delivery, Dine-in",40.5865846,-73.9525921,https://maps.google.com/?cid=534793482453049472,Brooklyn
Yemen Cafe,Brooklyn ,Yemeni,"176 Atlantic Ave, Brooklyn, NY 11201", 718-834-9533,yemencafe.com,4.6,3167,2.0,Yemeni,"Dine-in, Curbside pickup, No-contaact delivery ",40.6898526,-73.9936946,https://maps.google.com/?cid=534793482453049472,Brooklyn
Duzan,Queens,Mediterranean,"
2411 Steinway St, Long Island City, NY 11103",718-204-7488,www.duzannyc.com,4.3,2090,1.0,Mediterranean,"Dine-in, Takeout, No-contaact delivery ",40.7686494,-73.9108713,https://maps.google.com/?cid=16537895306901173896,Long Island City
Rocca Cafe & Lounge,Brookyln ,Mediterranean,"2712 Emmons Ave, Brooklyn, NY 11235", 718-769-2525,roccacafe.com,4.1,2941,2.0,Mediterranean,"Dine-in, Curbside pickup, Delivery ",40.5834418,-73.9408434,https://maps.google.com/?cid=16890514027160605019,Brooklyn
Kabul Kabob House,Queens,Afghan ,"42-51 Main St, Flushing, NY 11355",718-461-1919,www.kabulkababhouse.com,4.1,937,2.0,Afghan ,"Takeout, Dine-in, Delivery",40.7539537,-73.8274397,https://maps.google.com/?cid=13792355352134859716,Flushing
Asian Taste 86 Halal Food,Queens,Indonesian ,"
8610 Whitney Ave, Elmhurst, NY 11373","718-779-8686
",asiantaste86.com,4.6,354,1.0,Indonesian ,"Takeout, Dine-in, Delivery",40.741773,-73.8786293,https://maps.google.com/?cid=9972143949414158656,Elmhurst
Miraj Healthy Grill,Manhattan ,Persian ,"120 E 34Th St, New York, NY 10016",212-696-2818,www.mirajhealthygrill.com,4.4,1344,2.0,Persian ,"Dine-in, Takeout, No-contaact delivery ",40.7555796,-73.6460781,https://maps.google.com/?cid=17494020179100578282,New York
Chick In,Queens,,"23316 Hillside Ave., Queens Village, NY 11427", 718-776-3776,www.orderfrangos.com,4.2,566,1.0,,"Dine-in, Takeout, No-contact delivery 
",40.733316,-73.736233,,Queens Village
Sami's Kabab House,Queens,Afghan,"35-57 Crescent St, Astoria, NY 11106", 917-832-7165,https://samis.nyc/,4.4,1669,2.0,Afghan,"Dine-in, Takeout, No-contact delivery ",40.758408,-73.932968,https://maps.google.com/?cid=5502859836174318141,Astoria
No pork halal kitchen,Brooklyn ,,"50 4Th Ave, Brooklyn, NY 11217",718-875-9888,www.no-pork-halal-kitchen.com,4.5,1549,1.0,,Takeout,40.683321,-73.9793473,https://maps.google.com/?cid=6153398065733196929,Brooklyn
Halal Kitchen,Queens,Chinese,"7112 Grand Ave, Maspeth, NY 11378", 718-205-5360,http://orderhalalkitchen.com/ ,4.1,317,1.0,Chinese,"Dine-in, Takeout, Delivery ",40.7278143,-73.8916495,https://maps.google.com/?cid=687438515475591877,Maspeth
Top Thai 55 Carmine,Manhattan ,Thai,"55 Carmine St, New York, NY 10014", (646) 609-2272,topthaivintage.com,4.5,1323,3.0,Thai,"Takeout, Delivery ",40.623274,-74.028404,"https://www.google.com/maps/dir//40.623274,-74.02840400000002",New York
Omar's,Manhattan ,Mediterranean ,"20 E 39Th St, New York, NY 10016",212-213-0009,http://omars.nyc/,4.5,841,1.0,Mediterranean ,"Dine-in, Takeout, No-contact delivery ",40.750971,-73.98122,https://maps.google.com/?cid=12210694629136385691,New York
Omar Mediterranean Cuisine,Manhattan ,Mediterranean ,"154 E 55Th St, New York, NY 10022",212-207-8302,http://omars.nyc/,4.5,947,1.0,Mediterranean ,"Dine-in, Takeout, No-contact delivery ",40.7510451,-73.9811896,https://maps.google.com/?cid=10054392720424958774,New York
SkyIce Thai Food & Ice Cream,Brooklyn ,Thai,"
63 5Th Ave, Brooklyn, NY 11217",718-230-0910,www.skyice.net,4.6,871,1.0,Thai,"Dine-in, Takeout, No-contact delivery ",40.6807147,-73.9773899,https://maps.google.com/?cid=8569981455743503496,Brooklyn
Kabul Kabob House,Queens,Afghan,"42-51 Main St, Flushing, NY 11355",718-461-1919,www.kabulkababhouse.com,4.1,940,2.0,Afghan,"Dine-in, Takeout, Delivery ",40.7539537,-73.8274397,https://maps.google.com/?cid=13792355352134859716,Flushing
Uncle's Nick's Mediterranean Gyro Grill,Queens,Gyro,"6302 Woodhaven Blvd, Rego Park, NY 11374", 718-779-0900,www.gyrogrillny.com,4.3,801,1.0,Gyro,"Dine-in, Takeout, No-contact delivery",40.7242298,-73.8694701,https://maps.google.com/?cid=15290810399717060697,Rego Park
Nurlan,Queens,Uyghur,"43-39 Main St, Flushing, NY 11355",347-542-3324,http://ordernurlan.com/,4.4,522,1.0,Uyghur,"Dine-in, Curbside pickup, No-contact delivery",40.7516975,-73.8259798,https://maps.google.com/?cid=11333372719745208307,Flushing
Halal Xpress Chinese Kitchen,Brooklyn ,,"221 Church Ave, Brooklyn, NY 11218",718-975-3151,halalrestaurantbrooklyn.com,4.0,605,1.0,,"Dine-in, Curbside pickup, No-contact delivery",40.6436947,-73.9776688,https://maps.google.com/?cid=7423214767023653148,Brooklyn
Zyara Restaurant,Queens,Mediterranean,"25-53 Steinway St, Astoria, NY 11103","718-777-7753
",https://zyararestaurantnyc.com/,4.1,2710,2.0,Mediterranean,"Dine-in, Curbside pickup, No-contact delivery",40.7664952,-73.9124716,https://maps.google.com/?cid=13173687158129847478,Astoria
Tarim Uyghur Cuisine,Queens,Uyghur,"136-20 Roosevelt Ave, Flushing, NY 11354",646-920-0889,newworlduyghurcuisine.com,4.4,240,1.0,Uyghur,"Dine-in, Drive-through, No-contact delivery",40.7590988,-73.8296815,https://maps.google.com/?cid=11776389954672655265,Flushing
Lahori Chilli,Brooklyn ,Pakistani,"
1026 Coney Island Ave, Brooklyn, NY 11230", 718-859-1400,"lahorichilli.com
",4.1,1462,1.0,Pakistani,"Dine-in, Curbside pickup, No-contact delivery",40.6324856,-73.9670843,https://maps.google.com/?cid=6601752305583644269,Brooklyn
Holy Cow,Manhattan ,Hamburger ,"34 Canal St, New York, NY 10002",212-774-9446,http://holycow.nyc/,4.4,786,1.0,Hamburger ,"Dine-in, Takeout, No-contact delivery",40.7143638,-73.9906935,https://maps.google.com/?cid=13716496463982976085,New York
Chicky’s,Queens,Chicken,"248-43 Jericho Turnpike, Jamaica, NY 11426",718-347-3300,https://chickys.shop/,4.6,1979,1.0,Chicken,"Dine-in, Takeout, Delivery ",40.7265821,-73.7166846,https://maps.google.com/?cid=12091141458986540276,Jamaica
Emir Palace,Brooklyn ,Uzbeki,"4210 18Th Ave, Brooklyn, NY 11218",718-431-0007,http://emirpalace.com/menu/,4.4,862,2.0,Uzbeki,"Dine-in, Takeout, No-contact delivery",40.6316671,-73.9755764,https://maps.google.com/?cid=12091141458986540276,Brooklyn
Dhania,Brooklyn ,Indian ,"787 Prospect Pl, Brooklyn, NY 11216",347-627-3095,www.dhaniany.com,4.7,494,1.0,Indian ,"Dine-in, Takeout, Delivery ",40.6744463,-73.9505323,https://maps.google.com/?cid=14206562913559502985,Brooklyn
Twisted wings,Brooklyn ,,"8604 Bay Pkwy, Brooklyn, NY 11214",718-266-2433,twistedwingsny.com,4.3,408,1.0,,"Dine-in, Takeout, No-contact delivery",40.6018693,-73.9941778,https://maps.google.com/?cid=3939389168534334758,Brooklyn
Ayat,Brooklyn ,Middle Eastern,"8504 3Rd Ave, Brooklyn, NY 11209",718-831-2585,www.ayatnyc.com,4.6,1724,2.0,Middle Eastern,"Dine-in, Takeout, Delivery ",40.624164,-74.030952,https://maps.google.com/?cid=2587378088772667250,Brooklyn
Qahwah House,Brooklyn ,Coffee,"
162 Bedford Ave, Brooklyn, NY 11211",347-799-1776,qahwahhouse.com,4.8,1937,1.0,Coffee,"Dine-in, Takeout, Delivery ",40.7185755,-73.9571869,https://maps.google.com/?cid=1755042332447972718,Brooklyn
Moho Mexican Grill,Queens,Mexican,"3805 Bell Blvd, Bayside, NY 11361",718-709-9695,mohoeats.com,4.4,772,1.0,Mexican,"Dine-in, Curbside pickup, No-contact delivery",40.7663438,-73.7721818,https://maps.google.com/?cid=1027971303464586444,Bayside
Trinciti Roti Shop and Restaurant,Queens,Caribbean,"111-03 Lefferts Blvd, South Ozone Park, NY 11420",718-641-3636,trinciti.com,4.4,5101,1.0,Caribbean," Takeout, No-contact delivery",40.680374,-73.821103,https://maps.google.com/?cid=11834515000328993126,South Ozone Park
Kashkar Cafe,Brooklyn ,Uyghur ,"1141 Brighton Beach Ave, Brooklyn, NY 11235", 718-743-3832,www.kashkar-cafe.com,4.3,1022,2.0,Uyghur ,"Dine-in, Takeout, Delivery ",40.5778019,-73.9554708,https://maps.google.com/?cid=1050870110286347129,Brooklyn
Dar Al Yemen مطعم دار اليمن,Queens,Yemeni,"
131-05 Rockaway Blvd, South Ozone Park, NY 11420",347-809-4276,www.facebook.com,4.4,500,2.0,Yemeni,"Dine-in, Takeout, Delivery ",40.6750999,-73.8072059,https://maps.google.com/?cid=7675386929493501673,South Ozone Park
Apple Tree Gourmet,Brooklyn ,,"41B Newkirk Plaza, Brooklyn, NY 11226",718-484-8893,http://places.singleplatform.com/apple-tree-gourmet/menu?ref=google,4.3,173,1.0,,"Dine-in, Takeout, Delivery ",40.6350669,-73.9630345,https://maps.google.com/?cid=3067944548802525655,Brooklyn
Nneji,Queens,West African,"32-20 34Th Ave, Queens, NY 11106",917-832-7338,http://places.singleplatform.com/nneji/menu?ref=google,4.9,134,1.0,West African,"Dine-in, Curbside pickup, No-contact delivery",40.7588982,-73.9258536,https://maps.google.com/?cid=4940844165813869984,Queens
Hadramout Restaurant NYC (yemeni food),Brooklyn ,Yemeni ,"
172 Atlantic Ave, Brooklyn, NY 11201",718-222-1066,hadramoutnyc.com,4.1,1164,2.0,Yemeni ,"Dine-in, Takeout, No-contact delivery",40.68984,-73.993848,https://maps.google.com/?cid=8036029804943040515,Brooklyn
Casa La Femme,Manhattan ,Egyptian,"140 Charles St, New York, NY 10014",212-505-0005,www.casalafemmeny.com,3.8,1761,4.0,Egyptian,"Dine-in, Curbside pickup, Delivery",40.7338968,-74.0079383,https://maps.google.com/?cid=17481161107600260265,New York
Boishakhi,Queens,Bangladeshi ,"2914 36Th Ave, Long Island City, NY 11106",718-606-1242,www.boishakhirestaurantny.com,4.3,1358,1.0,Bangladeshi ,"Dine-in, Curbside pickup, Delivery",40.7569552,-73.9310007,https://maps.google.com/?cid=9806047007587203337,Long Island City
Texas Lone Star Fried Chicken & Burgers,Queens,,"113-18 Sutphin Blvd, Jamaica, NY 11435",718-323-2300,www.hhs.texas.gov,3.9,87,1.0,,"Dine-in, Takeout, Delivery ",40.6863643,-73.7942464,https://maps.google.com/?cid=15497711995317832802,Jamaica
Halal Gyro Pizza Chicken Brooklyn | Jay's Quick Bites,Brooklyn ,,"1961 Flatbush Ave, Brooklyn, NY 11234",718-975-6804,,4.3,226,1.0,,"Dine-in, Takeout, Delivery ",40.6221484,-73.9359936,https://maps.google.com/?cid=9936747089740778996,Brooklyn
Bosna Express,Queens,Eastern European,"791 Fairview Ave, Ridgewood, NY 11385",718-497-7577,http://places.singleplatform.com/bosna-express/menu?ref=google,4.5,149,1.0,Eastern European,"Dine-in, Takeout, Delivery ",40.704865,-73.9023424,https://maps.google.com/?cid=16265894320544839531,Ridgewood
Paratha Wala Inc.,Queens,Indian,"
103-09 Metropolitan Ave, Forest Hills, NY 11375",347-561-5319,www.pwalanyc.com,4.6,1181,2.0,Indian,"Dine-in, Curbside pickup, No-contact delivery",40.710447,-73.849422,https://maps.google.com/?cid=13730344831780476509,Forest Hills
Oshton Plov Center,Brooklyn ,Cafe,"3381 Shore Pkwy, Brooklyn, NY 11235",347-462-4243,http://places.singleplatform.com/oshton/menu?ref=google,3.7,179,3.0,Cafe,"Dine-in, Takeout, Delivery ",40.5850226,-73.9505246,https://maps.google.com/?cid=3284339991972862236,Brooklyn
Ćevabdžinica Sarajevo,Queens,,"37-18 34Th Ave, Long Island City, NY 11101",718-752-9528,sarajevogrill.com,4.6,644,1.0,,"Dine-in, Curbside pickup, Delivery",40.7570174,-73.921899,https://maps.google.com/?cid=10981095810753382764,Long Island City
Tropical Isle Roti Shop and Bakery,Queens,Caribbean,"118-19 Liberty Ave, Jamaica, NY 11419",718-848-4753,linktr.ee,3.8,251,1.0,Caribbean,"Dine-in, Curbside pickup, Delivery",40.68636,-73.8244157,https://maps.google.com/?cid=1343389729004408868,Jamaica
Birria LES,Manhattan ,Mexican,"127 Rivington St, New York, NY 10002", 646-707-3883,,4.5,885,1.0,Mexican,"Dine-in, Takeout, Delivery ",40.7196344,-73.9871106,https://maps.google.com/?cid=6336308092761895303,New York
Operation: falafel,Manhattan ,Mediterranean,"232 7Th Ave, New York, NY 10011",646-791-5161,eatzazu.com,4.4,427,1.0,Mediterranean,"Dine-in, Takeout, Delivery ",40.7445031,-73.9956466,https://maps.google.com/?cid=15559246476837553865,New York
Eatzy Thai,Queens,Thai,"33-09 Broadway, Astoria, NY 11106", 718-956-7117,eatzythai.com,3.8,514,3.0,Thai,"Dine-in, Takeout, No-contact delivery ",40.7611979,-73.9232727,https://maps.google.com/?cid=16560586851728861973,Astoria
Gazab,Manhattan ,Indian ,"179 Essex St, New York, NY 10002", 917-388-2664,www.gazabnyc.com,4.5,1030,3.0,Indian ,"Dine-in, Takeout, No-contact delivery ",40.7219227,-73.9866681,https://maps.google.com/?cid=6310790727297239157,New York
Marakand,Queens,Uzbeki ,"9898 Queens Blvd, Rego Park, NY 11374", 718-263-4444,,4.5,435,2.0,Uzbeki ,"Dine-in, Takeout, No-contact delivery ",40.7271197,-73.8549854,https://maps.google.com/?cid=16963341420783708052,Rego Park
Xcellent Soul Food,Brooklyn ,Soul,"372 Ralph Ave, Brooklyn, NY 11233",347-663-6111,http://places.singleplatform.com/xcellent-soul-food/menu?ref=google,4.0,778,1.0,Soul,"Dine-in, Takeout, Delivery ",40.6762845,-73.9220407,https://maps.google.com/?cid=2554870268402235156,Brooklyn
Mum Feteer,Queens,Egyptian ,"
25-48 Steinway St, Astoria, NY 11103",718-433-9950,www.instagram.com,4.7,2022,1.0,Egyptian ,"Dine-in, Takeout, No-contact delivery ",40.76685,-73.912895,https://maps.google.com/?cid=12228777787996262993,Astoria
Village Creperie,Manhattan ,,"933 Amsterdam Ave, New York, NY 10025",917-262-0531,villagecreperienyc.com,4.6,137,1.0,,"Dine-in, Takeout, Delivery ",40.8001692,-73.965644,https://maps.google.com/?cid=10662392488806375965,New York
BURGER WORLD,Manhattan ,Hamburger,"534 9Th Ave, New York, NY 10018", 917-262-0539,www.burgerworldnyc.com,4.5,1014,1.0,Hamburger,"Dine-in, Curbside pickup, No-contact delivery",40.75676,-73.9934938,https://maps.google.com/?cid=8941892292708156868,New York
Moonlite Grill & Chicken,Queens,Bangladeshi,"
73-15 Broadway, Jackson Heights, NY 11372",718-433-9840,,4.0,393,1.0,Bangladeshi,"Dine-in, Takeout, Delivery ",40.7470609,-73.8919612,https://maps.google.com/?cid=16538756514255698518,Jackson Heights
Birdies,Brooklyn ,Chicken,"810 Grand St, Brooklyn, NY 11206",917-909-0201,www.bitebirdies.com,4.5,642,1.0,Chicken,"Dine-in, Takeout, Delivery ",40.7117524,-73.9410497,https://maps.google.com/?cid=5828044325542825222,Brooklyn
Burgermania,Manhattan ,Hamburger ,"274 W 40Th St, New York, NY 10018",929-235-7861,burgermanias.com,4.6,1212,1.0,Hamburger ,"Dine-in, Curbside pickup, Delivery ",40.7557265,-73.9905152,https://maps.google.com/?cid=11443232389711896633,New York
The Grounds Of Brooklyn,Brooklyn ,Italian,"1117 Newkirk Ave, Brooklyn, NY 11230",718-676-0373,www.tgobk.com,3.7,145,2.0,Italian,"Dine-in, Takeout, No-contact delivery ",40.6342368,-73.9663941,https://maps.google.com/?cid=4217419389338129349,Brooklyn
Top Thai Greenwich,Manhattan ,Thai,"235 Sullivan St, New York, NY 10012",646-726-4418,www.topthainyc.com,4.4,1997,2.0,Thai,"Dine-in, Curbside pickup, No-contact delivery",40.7297845,-73.9994477,https://maps.google.com/?cid=5800887208154600841,New York
King of Falafel & Shawarma,Queens,Middle Eastern,"3015 Broadway, Astoria, NY 11106",718-340-8068,www.kofnyc.com,4.2,1619,1.0,Middle Eastern,"Dine-in, Takeout, Delivery ",40.7622507,-73.9255198,https://maps.google.com/?cid=1166482273012392136,Astoria
Sheikh Shack,Queens,,"82-37C, 164Th St, Jamaica, NY 11432",347-829-3052,www.clover.com,4.6,596,1.0,,"Dine-in, Takeout, No-contact delivery ",40.7182708,-73.8033512,https://maps.google.com/?cid=4843824185684503747,Jamaica
al Badawi,Brooklyn ,Middle Eastern,"151 Atlantic Ave, Brooklyn, NY 11201",718-689-5888,www.albadawinyc.com,4.5,919,2.0,Middle Eastern,"Dine-in, Takeout, Delivery ",40.6906407,-73.9950026,https://maps.google.com/?cid=2336118820879574869,Brooklyn
Taco Express,Queens,Mexican,"251-14 Hillside Ave., Queens, NY 11426",718-470-2399,eattacoexpress.com,4.6,945,1.0,Mexican,"Dine-in, Curbside pickup, No-contact delivery",40.7354447,-73.7159125,https://maps.google.com/?cid=8927819853884732823,Queens
FLAMES INDIAN AROMA,Manhattan ,Indian,"165 E 106Th St, New York, NY 10029", 551-214-0444,www.flamesindianaromany.com,4.5,210,2.0,Indian,"Dine-in, Curbside pickup, No-contact delivery",40.7920319,-73.9451994,https://maps.google.com/?cid=32107401051233767,New York
Balade,Manhattan ,Lebanese,"208 1St Ave., New York, NY 10009", 212-529-6868,www.baladerestaurants.com,4.4,1201,3.0,Lebanese,"Dine-in, Curbside pickup, No-contact delivery",40.730264,-73.9830324,https://maps.google.com/?cid=10199876453921269824,New York
Rowdy Rooster,Manhattan ,,"149 1St Ave., New York, NY 10003",,www.rowdyrooster.com,4.4,548,1.0,,"Dine-in, Takeout, Delivery ",40.7284627,-73.9850071,https://maps.google.com/?cid=15732803174550230890,New York
Namkeen,Brooklyn ,Chicken,"338 Bedford Ave, Brooklyn, NY 11249", 347-658-3383,https://checkle.menu/namkeen_nyc,4.5,909,1.0,Chicken,"Dine-in, Takeout, Delivery ",40.7128716,-73.9625475,https://maps.google.com/?cid=9084219683467641405,Brooklyn
Laghman Express,Brooklyn ,,"6201 20Th Ave, Brooklyn, NY 11204", 718-232-0525,http://laghmanexpress.com/,4.9,1269,1.0,,"Dine-in, Takeout, Delivery ",40.6181101,-73.9840389,https://maps.google.com/?cid=8991949555446785984,Brooklyn
Little Flower Cafe,Queens,Coffee,"25-35 36Th Ave, Astoria, NY 11106",,www.instagram.com,4.7,430,1.0,Coffee,"Dine-in, Takeout, Delivery ",40.7579891,-73.9321015,https://maps.google.com/?cid=11273537019152135853,Astoria
Layers Bakeshop,Queens,Bakery,"2801 23Rd Ave, Astoria, NY 11105",347-639-1111,layersbakeshop.us,4.5,48,1.0,Bakery,"Dine-in, Curbside pickup, No-contact delivery",40.7756033,-73.9142719,https://maps.google.com/?cid=14699805456085702835,Astoria
Fatima's Grill,Brooklyn ,Mediterranean,"964 Coney Island Ave, Brooklyn, NY 11230",929-234-3198,www.fatimas-grill.com,4.5,418,1.0,Mediterranean,"Dine-in, Curbside pickup, No-contact delivery",40.633897,-73.9675186,https://maps.google.com/?cid=17012532953946625437,Brooklyn
Chashni Bubble Tea,Brooklyn ,Bubble tea,"1061 Coney Island Ave, Brooklyn, NY 11230",929-620-6651,,4.9,169,1.0,Bubble tea,"Dine-in, Takeout, Delivery ",40.6317014,-73.966368,https://maps.google.com/?cid=11432455410857417890,Brooklyn
Padi D'NYC,Manhattan ,Hawker stall,"135 W 50Th St, New York, NY 10020",,,4.5,46,1.0,Hawker stall,"Takeout, Delivery ",40.7608856,-73.9825548,https://maps.google.com/?cid=13174605648454258269,New York
Mamak's Corner,Manhattan ,Hawker stall,"135 W 50Th St, New York, NY 10020",,,3.5,21,1.0,Hawker stall,"Takeout, Delivery ",40.7608856,-73.9825548,https://maps.google.com/?cid=1665301401715946705,New York
Kolachi,Manhattan ,Pakistani,"130 1St Ave., New York, NY 10009",917-262-0633,www.kolachirolls.com,4.7,190,1.0,Pakistani,"Dine-in, Curbside pickup, No-contact delivery",40.7273481,-73.9851925,https://maps.google.com/?cid=16001930639882080555,New York
Flowers Cafe - Kaiser Richter Inc.,Manhattan ,Cafe,"39 Essex St, New York, NY 10002",212-390-0630,www.flowerscafenyc.com,4.6,433,1.0,Cafe,"Dine-in, Takeout, No-contact delivery",40.7162487,-73.9897278,https://maps.google.com/?cid=11750409968434639521,New York
Motto To Go,Queens,,"40-05 Skillman Ave, Long Island City, NY 11104", 646-450-6018,,3.3,10,1.0,,"Dine-in, Curbside pickup, No-contact delivery",40.7474487,-73.9232192,https://maps.google.com/?cid=13346147926861985035,Long Island City
MOKAFÉ Coffee House,Queens,Coffee,"25-73 Steinway St, Astoria, NY 11103",718-489-0242,www.mymokafe.com,4.7,696,1.0,Coffee,"Dine-in, Takeout",40.7660483,-73.9129093,https://maps.google.com/?cid=7483086521557221673,Astoria
Crepe House Morris Park,Bronx ,Dessert,"653 Morris Park Ave, Bronx, NY 10462", 718-737-7566,,4.8,457,1.0,Dessert ,"Dine-in, Takeout, Delivery ",40.8450565,-73.8676396,https://maps.google.com/?cid=825255188734681804,Bronx
Rokstar Chicken Long Island City,Queens,Fried chicken,"4202 Northern Blvd Located In Front Of Food Bazaar Supermarket, Long Island City, NY 11101", 347-988-5553,rokstarchicken.com,4.3,124,1.0,Fried chicken,"Dine-in, Takeout, No-contact delivery",40.7521249,-73.921528,https://maps.google.com/?cid=17606317658173125518,Long Island City
Rokstar Chicken Harlem,Bronx ,Fried chicken,"Located On The 2Nd Floor Of Food Bazaar, 201 E 125Th St, New York, NY 10035", 347-649-8881,rokstarchicken.com,4.6,78,1.0,Fried chicken,"Dine-in, Takeout, No-contact delivery",40.8037864,-73.9354715,https://maps.google.com/?cid=15978315037381142051,New York
Rokstar Chicken Douglaston,Queens,Chicken,"Located Inside Food Bazaar Supermarket (Aisle, 242-02 61St Ave #2B, Douglaston, NY 11362",718-819-8933,http://rokstarchicken.com/,4.4,219,1.0,Chicken,"Dine-in, Takeout, No-contact delivery",40.7547509,-73.7398957,https://maps.google.com/?cid=15252396595600765440,Douglaston
Legacy Hookah Lounge & Bistro,Queens,Hookah bar,"
25-72 Steinway St, Queens, NY 11103", 516-779-8748,instagram.com,4.6,306,2.0,Hookah bar,"Dine-in, Curbside pickup",40.766307,-73.913345,https://maps.google.com/?cid=5342864465235717275,Queens
Flaming Grill,Queens,,"3507 Ditmars Blvd, Queens, NY 11105",646-822-0444,www.flamingrillny.com,4.8,243,1.0,,"Dine-in, Curbside pickup, No-contact delivery",40.774805,-73.90846,https://maps.google.com/?cid=11021993106358685944,Queens
Bay Ridge House of Wings,Brooklyn ,Chicken wings,"8812 3Rd Ave, Brooklyn, NY 11209",,houseofwingsnyc.com,4.5,286,1.0,Chicken wings,"Dine-in, Curbside pickup, No-contact delivery",40.6218202,-74.0319277,https://maps.google.com/?cid=16614816050499296329,Brooklyn
Staten Island House of Wings,Staten Island,Chicken wings,"1153 Forest Ave, Staten Island, NY 10310",,houseofwingsnyc.com,4.7,174,1.0,Chicken wings,"Dine-in, Takeout, No-contact delivery",40.6268014,-74.1284691,https://maps.google.com/?cid=11453745472451421787,Staten Island
Yala Halal,Staten Island,,"3271 Richmond Ave, Staten Island, NY 10312",,https://order.toasttab.com/online/yalahalal,4.1,330,1.0,,"Dine-in, Takeout, No-contact delivery",40.5595316,-74.1682483,https://maps.google.com/?cid=7738656748147438557,Staten Island
Qahwah House,Brooklyn ,Coffee shop,"162 Bedford Ave, Brooklyn, NY 11211", 347-799-1776,http://qahwahhouse.com/,4.8,1945,1.0,Coffee shop,"Dine-in, Takeout, Delivery ",40.7185755,-73.9571869,https://maps.google.com/?cid=1755042332447972718,Brooklyn
Qahwah House W Village,Manhattan ,Coffee shop,"13 Carmine St, New York, NY 10014", 212-933-0754,www.qahwahhouse.com,4.7,553,1.0,Coffee shop,"Dine-in, Takeout",40.7305035,-74.0023402,https://maps.google.com/?cid=83593912315438938,New York
Qahwah House - Astoria Queens,Queens,Coffee shop,"2237 31St St, Queens, NY 11105", 718-866-0032,www.qahwahhouse.com,4.8,428,1.0,Coffee shop,"Dine-in, Takeout",40.7752363,-73.9115516,https://maps.google.com/?cid=3394221306505002111,Queens
Peri Peri Flamin' Grill,Brooklyn ,,"485 Lorimer St, Brooklyn, NY 11211", 347-529-5233,periperiflamingrill.com,4.6,228,1.0,,"Dine-in, Takeout, No-contact delivery",40.7114916,-73.9492046,https://maps.google.com/?cid=4690452305111821557,Brooklyn
Vegan On The Fly,Manhattan ,Vegan,"24 W 45Th St, New York, NY 10036",917-265-8242,veganontf.com,4.8,1186,1.0,Vegan,"Dine-in, Curbside pickup, No-contact delivery",40.755764,-73.9808335,https://maps.google.com/?cid=964311156010106640,New York
Fouta Halal,Bronx ,West African ,"1762 Westchester Ave, Bronx, NY 10472",718-792-1700,,4.3,568,1.0,West African ,"Dine-in, Takeout, Delivery ",40.8311925,-73.8678829,https://maps.google.com/?cid=16457035038136496423,Bronx
B&D Halal Food,Manhattan ,West African ,"263 W 30Th St #3, New York, NY 10001",212-268-7602,bdhalal.com,4.4,653,1.0,West African ,"Dine-in, Takeout, Delivery ",40.7495727,-73.9947204,https://maps.google.com/?cid=12053901393590738022,New York
Urgut Osh Markazi,Brooklyn ,Uzbeki ,"816 Coney Island Ave, Brooklyn, NY 11218",718-521-4343,urgutplovcenter.com,4.5,387,2.0,Uzbeki ,"Dine-in, Curbside pickup, No-contact delivery",40.6375072,-73.9685649,https://maps.google.com/?cid=9272202772566453264,Brooklyn
Gelatoville Gelateria,Manhattan ,Ice cream,"163 1St Ave. Unit 1, New York, NY 10003", 646-706-1854,gelatoville.com,4.8,716,1.0,Ice cream,"Takeout, Delivery ",40.7289568,-73.9845719,https://maps.google.com/?cid=7538881376284716924,New York
Bora Bora Smoothie Cafe - Bay Ridge,Brooklyn ,Cafe,"7322 3Rd Ave, Brooklyn, NY 11209", 347-492-0243,boraborausa.com,4.6,360,1.0,Cafe,"Dine-in, Takeout, Delivery ",40.632372,-74.0276827,https://maps.google.com/?cid=11801166053184181960,Brooklyn
Bora Bora Smoothie Cafe - Staten Island Hylan Blvd,Staten Island,Cafe,"1814 Hylan Blvd, Staten Island, NY 10305", 718-210-2966,boraborasmoothiecafe.com,4.8,216,1.0,Cafe,"Dine-in, Takeout, Delivery ",40.5847305,-74.0935528,https://maps.google.com/?cid=15223693016500155265,Staten Island
Nur Thai,Queens,Thai,"
31-01 34Th Ave, Astoria, NY 11106", 718-874-3292,nurthai.com,4.4,565,3.0,Thai,"Dine-in, Takeout, Delivery ",40.7597851,-73.9269004,https://maps.google.com/?cid=15451470039307528943,Astoria
375° Chicken ‘n’ Fries,Manhattan ,Chicken,"649 9Th Ave, New York, NY 10036","646-866-7035
",www.375chicken.com,4.7,888,1.0,Chicken,"Dine-in, Takeout, Delivery ",40.7607159,-73.9913276,https://maps.google.com/?cid=506246199525196958,New York
375° Chicken 'n Fries,Manhattan ,Chicken,"124 Ludlow St, New York, NY 10002", 646-682-7578,www.375chicken.com,4.4,1328,1.0,Chicken,"Dine-in, Takeout, No-contact delivery",40.719695,-73.988452,https://maps.google.com/?cid=10563187535011383879,New York
BeiJing Hot Pot 京门铜火锅,Queens,Hot Pot,"39-16 Prince St G02, Flushing, NY 11354",718-799-0685,"www.jingmenhotpot.com
",4.9,1463,4.0,Hot Pot,"Dine-in, Curbside pickup, Delivery",40.759261,-73.8324341,https://maps.google.com/?cid=13735046654741130502,Flushing
BK HALAL GRILL,Brooklyn ,Chicken,"411 Utica Ave, Brooklyn, NY 11213",646-677-4070,bkhalalgrillny.com,4.0,210,1.0,Chicken,"Dine-in, Curbside pickup, No-contact delivery",40.6644391,-73.931137,https://maps.google.com/?cid=14930810826088502505,Brooklyn
Burgers on B,Manhattan ,Hamburger ,"168 Avenue B, New York, NY 10009", 646-368-1464,burgersonb.com,4.7,188,1.0,Hamburger ,"Dine-in, Takeout, Delivery ",40.7272686,-73.9798582,https://maps.google.com/?cid=17074040255027933207,New York
GOSHT | Halal Steakhouse & Burgers,Brooklyn ,Steak ,"3215 Coney Island Ave, Brooklyn, NY 11235",718-504-8880,www.gosht.com,4.4,1503,2.0,Steak ,"Dine-in, Curbside pickup, No-contact delivery",40.5774367,-73.959403,https://maps.google.com/?cid=13743090337124258286,Brooklyn
Tashkent Supermarket - Brighton Beach,Brooklyn ,Supermarket ,"713 Brighton Beach Ave, Brooklyn, NY 11235",718-908-0707,www.tashkentsupermarket.com,4.4,3939,,Supermarket ,"In-store shopping, Curbside pickup, Delivery ",40.5781768,-73.9599013,https://maps.google.com/?cid=12720749907537149453,Brooklyn
Dave's Hot Chicken,Manhattan ,Chicken,"944 8Th Ave, New York, NY 10019",332-999-1825,www.daveshotchicken.com,4.6,1485,1.0,Chicken,"Dine-in, Takeout, Delivery ",40.7657431,-73.9831813,https://maps.google.com/?cid=10216903863060744686,New York
DAVE'S HOT CHICKEN,Manhattan ,Chicken,"
1498 3Rd Ave, New York, NY 10028",646-632-9910,restaurants.daveshotchicken.com,4.6,317,1.0,Chicken,"Dine-in, Takeout, Delivery ",40.7783624,-73.9552246,https://maps.google.com/?cid=9692742323763528076,New York
Dave's Hot Chicken,Brooklyn ,Chicken,"311 7Th Ave, Brooklyn, NY 11215", 347-428-0071,restaurants.daveshotchicken.com,4.4,195,1.0,Chicken,"Dine-in, Takeout, No-contact delivery",40.667268,-73.9810143,https://maps.google.com/?cid=2712873990936691868,Brooklyn
Dave's Hot Chicken,Brooklyn ,Chicken,"1192 Fulton St, Brooklyn, NY 11216",929-382-9998,restaurants.daveshotchicken.com,4.6,182,1.0,Chicken,"Dine-in, Takeout, No-contact delivery",40.6803628,-73.9528442,https://maps.google.com/?cid=8865344296571429513,Brooklyn
Tara Kitchen,Manhattan ,"
Moroccan","253 Church St, New York, NY 10013",212-226-4400,www.tarakitchentribeca.com,4.4,158,3.0,Moroccan,"Dine-in, Curbside pickup, No-contact delivery",40.7178686,-74.0053451,https://maps.google.com/?cid=3450504628095763110,New York
AMBO,Manhattan ,Indian,"55C E 8Th St, New York, NY 10003",646-476-4214,amboeats.com,4.6,412,1.0,Indian,"Dine-in, Takeout, Delivery ",40.7311439,-73.9934292,https://maps.google.com/?cid=2787577643090745782,New York
Moe's Pastrami & Burger,Manhattan ,Hamburger ,"569 Flatbush Ave, Brooklyn, NY 11225", 646-949-1717,https://moes-pastrami-burger.square.site/,4.8,456,1.0,Hamburger ,"Dine-in, Curbside pickup, No-contact delivery",40.6598576,-73.9603722,https://maps.google.com/?cid=13161386220402839702,Brooklyn
Masal Cafe & Lounge,Brooklyn ,Cafe,"1901 Emmons Ave, Brooklyn, NY 11235",718-891-7090,"www.masalcafe.com
",4.0,1841,2.0,Cafe,"Dine-in, Curbside pickup, No-contact delivery",40.5840004,-73.9491629,https://maps.google.com/?cid=4887127818330557995,Brooklyn
Sybil's,Queens,Caribbean,"13217 Liberty Ave, South Richmond Hill, NY 11419",718-835-9235,,4.4,3095,1.0,Caribbean,"Takeout, Delivery ",40.6910029,-73.8136887,https://maps.google.com/?cid=11066068611278229269,South Richmond Hill
Curry In Handi,Brooklyn ,Indian Muslim,"443 Bushwick Ave, Brooklyn, NY 11206",718-381-1333,curryinhandi.fronteats.com,4.8,619,2.0,Indian Muslim,"Dine-in, Takeout, No-contact delivery",40.7023138,-73.9369236,https://maps.google.com/?cid=15305209104403889184,Brooklyn
Sybil's Bakery & Restaurant,Queens,Caribbean,"159-24 Hillside Ave., Jamaica, NY 11432", 718-297-2359,http://places.singleplatform.com/sybils-bakery--restaurant/menu?ref=google,4.0,596,1.0,Caribbean,"Dine-in, Delivery ",40.7077924,-73.8018676,https://maps.google.com/?cid=3148926902823996437,Jamaica
David's Brisket House,Brooklyn ,,"
533 Nostrand Ave, Brooklyn, NY 11216", 718-789-1155,davidsbriskethouse.com,4.5,1310,1.0,,"Dine-in, Curbside pickup, No-contact delivery",40.6791067,-73.9494917,https://maps.google.com/?cid=5501944323075107752,Brooklyn
Roti on the Run,Brooklyn ,,"3140 Fulton St, Brooklyn, NY 11208", 718-235-4414,,4.4,940,1.0,,"Dine-in, Takeout, Delivery ",40.6815649,-73.8789728,https://maps.google.com/?cid=7601371617433523044,Brooklyn
Fatima's Halal,Queens,Chinese,"83-25 Parsons Blvd, Queens, NY 11432", 718-291-4999,,4.1,329,1.0,Chinese,"Dine-in, Takeout, Delivery ",40.7149558,-73.8074223,https://maps.google.com/?cid=3815803414046566710,Queens
Burmese Bites,Queens,Burmese,"Queens Center Mall Food Court, 90-15 Queens Blvd, Elmhurst, NY 11373", 917-560-2480,,4.8,247,1.0,Burmese,"Dine-in, Curbside pickup, No-contact delivery",40.7344054,-73.8689474,https://maps.google.com/?cid=13536224012594853821,Elmhurst
Chote Miya,Manhattan ,Indian,"Chelsea Market, 75 9Th Ave, New York, NY 10011",646-863-2117,www.chotemiya.com,4.2,553,1.0,Indian,"Dine-in, Takeout, No-contact delivery",40.7424509,-74.0059581,https://maps.google.com/?cid=8947219069739738512,New York
Premium Sweets - Dal & Chal,Queens,Dessert,"172-17 Hillside Ave., Jamaica, NY 11435",718-374-3142,www.premiumsweets.ca,3.7,675,2.0,Dessert ,"Dine-in, Takeout",40.7122046,-73.7896011,https://maps.google.com/?cid=11981292767785751165,Jamaica
Tong Restaurant টং রেস্টুরেন্ট,Queens,Bangladeshi,"153-35B Hillside Ave., Jamaica, NY 11432", 718-489-8816,www.facebook.com,4.1,113,1.0,Bangladeshi,"Dine-in, Curbside pickup, No-contact delivery",40.7077698,-73.8031641,https://maps.google.com/?cid=1885976635711245053,Jamaica
Pila de Boba,Manhattan ,Bubble tea,"328 E 14Th St, New York, NY 10003", 917-966-3036,,4.1,254,1.0,Bubble tea,"Dine-in, Takeout, No-contact delivery",40.7316199,-73.9838982,https://maps.google.com/?cid=14105813967767253357,New York
Tea Mania New York,Queens,Bubble tea,"
98-04 101St Ave, Ozone Park, NY 11416", 631-832-3700,https://teamaniany.square.site/,4.4,197,1.0,Bubble tea,"Dine-in, Takeout, No-contact delivery",40.6849179,-73.8431067,https://maps.google.com/?cid=8850240294623514005,Ozone Park
Little Myanmar,Manhattan ,Burmese,"150 E 2Nd St, New York, NY 10009", 917-475-1183,https://www.littlemyanmar.nyc/,4.2,235,2.0,Burmese,"Dine-in, Curbside pickup, No-contact delivery",40.7229873,-73.9855193,https://maps.google.com/?cid=1910868758882093665,New York
Boishakhi Restaurant Astoria,Queens,Bangladeshi ,"2914 36Th Ave, Long Island City, NY 11106",718-606-1242,www.boishakhirestaurantny.com,4.3,1357,1.0,Bangladeshi ,"Dine-in, Curbside pickup, Delivery",40.7569552,-73.9310007,https://maps.google.com/?cid=9806047007587203337,Long Island City
El Forno Pizza & Grill,Queens,Italian,"
105-09 Cross Bay Blvd, Queens, NY 11417", 929-218-7720,www.elfornopizzagrillrestaurant.com,4.5,184,1.0,Italian,"Dine-in, Curbside pickup, No-contact delivery",40.6799886,-73.8441861,https://maps.google.com/?cid=9662161851733480243,Queens
True Flavors,Queens,Caribbean ,"140-16 Rockaway Blvd, South Ozone Park, NY 11436",347-392-4303,caribbeanrestaurantqueens.com,4.2,113,1.0,Caribbean ,"Dine-in, Curbside pickup, Delivery",40.6740837,-73.8001059,https://maps.google.com/?cid=16601704869335436491,South Ozone Park
Stack'd Burger,Brooklyn ,Hamburger,"18 Nevins St, Brooklyn, NY 11217",718-970-0483,stackdburgernyc.com,4.8,444,1.0,Hamburger,"Dine-in, Curbside pickup, No-contact delivery",40.6883351,-73.9814049,https://maps.google.com/?cid=10417007566182403916,Brooklyn
Sheza Coffee House,Bronx ,Coffee shop,"
6050 Riverdale Ave, Bronx, NY 10471",718-233-8212,www.shezacoffeehouse.com,4.5,308,1.0,Coffee shop,"Dine-in, Curbside pickup, Delivery",40.9099524,-73.9030631,https://maps.google.com/?cid=6162766092112703622,Bronx
Chocolate factory,Brooklyn ,Dessert,"
6740 5Th Ave, Brooklyn, NY 11220",347-560-6080,www.instagram.com,4.6,562,1.0,Dessert ,"Dine-in, Curbside pickup, No-contact delivery",40.6346267,-74.0207145,https://maps.google.com/?cid=13575480841421480123,Brooklyn
Atomic Wings - BedStuy,Brooklyn ,Chicken wings ,"1227 Fulton St, Brooklyn, NY 11216","347-221-0621
",atomicwings.com,4.4,157,1.0,Chicken wings ,"Dine-in, Curbside pickup, Delivery",40.6807596,-73.9524003,https://maps.google.com/?cid=14331813724694917953,Brooklyn
Island Crepes & Shakes,Staten Island,Cafe,"1716 Victory Blvd, Staten Island, NY 10314",917-933-8266,,4.9,73,1.0,Cafe,"Dine-in, Takeout, Delivery ",40.6128792,-74.1209252,https://maps.google.com/?cid=8441738759567326560,Staten Island
Chocolate Connects Inc,Brooklyn ,Dessert ,"611 Flatbush Ave, Brooklyn, NY 11225",917-341-0709,chocolateconnects.com,4.9,124,1.0,Dessert ,"Dine-in, Takeout, Delivery ",40.6584859,-73.9602057,https://maps.google.com/?cid=8631611788096093047,Brooklyn
Chaska Chai Boba Tea Shop,Brooklyn ,Boba Tea,"3680 Nostrand Ave, Brooklyn, NY 11229", 347-462-9696,www.chaska-chai.com,4.8,93,1.0,Boba Tea,"Dine-in, Curbside pickup, No-contact delivery",40.5942689,-73.9409763,https://maps.google.com/?cid=6192943290884108505,Brooklyn
Lava Shawarma NYC,Manhattan ,Middle Eastern,"
226 Thompson St, New York, NY 10012", 646-490-5080,www.lavashawarma.com,4.5,627,1.0,Middle Eastern,"Dine-in, Curbside pickup, No-contact delivery",40.7291753,-73.9987336,https://maps.google.com/?cid=1371028349564970962,New York
Lava Shawarma,Manhattan ,Middle Eastern,"57 Clinton St, New York, NY 10002", 646-559-4250,www.lavashawarma.com,4.5,609,1.0,Middle Eastern,"Dine-in, Takeout, No-contact delivery",40.7196118,-73.9849833,https://maps.google.com/?cid=8719950462873232744,New York
Duck Donuts,Queens,Donut ,"61-32 190Th St, Queens, NY 11365",718-971-9886,www.duckdonuts.com,4.6,422,1.0,Donut ,"Takeout, Delivery ",40.7402651,-73.7848922,https://maps.google.com/?cid=8286976134240114326,Queens
Juice Time عصير تايم منهاتن,Manhattan ,Juice,"302A Grand St, New York, NY 10002",212-480-2100,"juicetimenyc1.com
",4.9,624,1.0,Juice,"Dine-in, Takeout, Delivery ",40.7176718,-73.9915781,https://maps.google.com/?cid=2020874755841501992,New York
Cafe Juliet,Staten Island,Cafe,"
1883 Victory Blvd, Staten Island, NY 10314",,www.instagram.com,4.7,266,1.0,Cafe,"Dine-in, Takeout, Delivery ",40.6130628,-74.1265423,https://maps.google.com/?cid=8492512605487393048,Staten Island
Juice Time - عصير تايم,Brooklyn ,Juice,"
509 74Th St, Brooklyn, NY 11209", 347-492-0614,order.toasttab.com,4.8,188,2.0,Juice,"Dine-in, Curbside pickup, Delivery",40.6302621,-74.0218697,https://maps.google.com/?cid=6141452134168124833,Brooklyn
Chocolate House Astoria,Queens,Dessert,"
25-88 Steinway St, Astoria, NY 11103",718-278-6912,,4.7,407,1.0,Dessert ,"Dine-in, Delivery ",40.765946,-73.913657,https://maps.google.com/?cid=8778834992896233359,Astoria
Slappin Chick Astoria,Queens,Chicken,"25-21 Steinway St, Long Island City, NY 11103",845-314-4097,slappinchick.com,4.7,166,1.0,Chicken ,"Dine-in, Takeout, Delivery ",40.7673068,-73.9119392,https://maps.google.com/?cid=7865834627958982045,Long Island City
Moka and Co,Queens,Coffee shop,"28-54 Steinway St, Astoria, NY 11103",,mokanco.com,4.7,928,1.0,Coffee shop,"Dine-in, Takeout, No-contact delivery",40.7643312,-73.9148787,https://maps.google.com/?cid=9550324482779990948,Astoria
Cafe Rumi,Manhattan ,Cafe,"30 New St, New York, NY 10004",,,5.0,188,1.0,Cafe,"Dine-in, Curbside pickup",40.7062666,-74.0116977,https://maps.google.com/?cid=1875969629319827956,New York
Uyghur Lagman House,Queens,Uyghur ,"6208 Woodhaven Blvd, Rego Park, NY 11374",347-507-0121,www.uyghurlagmanhouse.com,4.6,143,2.0,Uyghur ,"Dine-in, Takeout, Delivery ",40.7265285,-73.870862,https://maps.google.com/?cid=916370256544428468,Rego Park
Nurlan Uyghur Restaurant,Queens,Uyghur ,"43-39 Main St, Flushing, NY 11355",347-542-3324,,4.4,561,1.0,Uyghur ,"Dine-in, Curbside pickup, No-contact delivery",40.7515867,-73.8259037,https://maps.google.com/?cid=11333372719745208307,Flushing
Tengri Tagh Uyghur Cuisine,Manhattan ,Uyghur ,"144 W 37Th St, New York, NY 10018", 646-964-5418,,4.6,546,2.0,Uyghur ,"Dine-in, Takeout",40.7524546,-73.988719,https://maps.google.com/?cid=5115656769801490503,New York
Caravan Uyghur Cuisine,Manhattan ,Uyghur ,"60 Beaver St, New York, NY 10004",929-318-8615,www.caravanuyghur.com,4.4,138,1.0,Uyghur ,"Dine-in, Curbside pickup, Delivery",40.7051128,-74.0096076,https://maps.google.com/?cid=6959205845869974510,New York
Dunya Kabab House,Brooklyn , Afghan,"696 Coney Island Ave, Brooklyn, NY 11218",718-483-8451,www.clover.com,4.8,404,2.0,Afghan,"Dine-in, Curbside pickup, No-contact delivery",40.6405532,-73.9693662,https://maps.google.com/?cid=14083324886048167154,Brooklyn
Grizzly Coffee,Brooklyn ,Cafe,"2111 W 6Th St, Brooklyn, NY 11223",718-332-9305,,4.5,179,1.0,Cafe,"Dine-in, Takeout, Delivery ",40.5962139,-73.9772498,https://maps.google.com/?cid=232479587951926829,Brooklyn
Affy's Grill,Queens,Steak House,"6967 Grand Ave, Maspeth, NY 11378",718-685-2900,www.affyspremiumgrill.com,4.3,518,3.0,Steak House,"Dine-in, Takeout, No-contact delivery",40.7272902,-73.8935099,https://maps.google.com/?cid=18340173954310777735,Maspeth
Halal Bakers Cafe,Queens,Cafe,"3406 9Th St, Astoria, NY 11106",718-489-9077,,4.9,104,1.0,Cafe,"Dine-in, Takeout, No-contact delivery",40.7651487,-73.9395931,https://maps.google.com/?cid=7041282159568585774,Astoria
Fevy's,Queens,Korean,"74-02 Grand Ave Unit D, Elmhurst, NY 11373",347-242-3555,www.fevyschicken.com,4.6,278,1.0,Korean,"Dine-in, Curbside pickup, Delivery",40.7299667,-73.8878457,https://maps.google.com/?cid=18346255310638859394,Elmhurst
Blue Hour,Brooklyn ,,"
1525 Myrtle Ave, Brooklyn, NY 11237", 718-744-0089,https://bluehour.nyc/,4.9,111,1.0,,"Dine-in, Curbside pickup, No-contact delivery",40.6993718,-73.9143735,https://maps.google.com/?cid=7479044129825371297,Brooklyn
Kolachi,Manhattan ,Pakistani,"130 1St Ave., New York, NY 10009", 917-262-0633,www.kolachirolls.com,4.6,196,1.0,Pakistani,"Dine-in, Curbside pickup, No-contact delivery",40.7273481,-73.9851925,https://maps.google.com/?cid=16001930639882080555,New York
Al Basha Restaurant,Bronx ,Middle Eastern ,"2368 Hoffman St, Bronx, NY 10458",347-696-2377,albashausa.com,4.2,68,2.0,Middle Eastern ,"Dine-in, Takeout, Delivery ",40.8552302,-73.8890146,https://maps.google.com/?cid=11033250914061135688,Bronx
Fauzia's Heavenly Delights,Bronx ,Food Truck,"E 161St St &, Concourse Village W, Bronx, NY 10451",,www.fauziasheavenlydelights.com,4.5,33,1.0,Food Truck,"Dine-in, Takeout",40.8261481,-73.9211804,https://maps.google.com/?cid=731811645668788890,Bronx
Sami's Kabab House LIC,Queens,Afghan,"
47-38 Vernon Blvd, Long Island City, NY 11101", 718-841-9290,https://samis.nyc/,4.6,262,1.0,Afghan,"Dine-in, Curbside pickup, No-contact delivery",40.7444508,-73.9537187,https://maps.google.com/?cid=10436757914931787534,Long Island City
Sami's Kabab House,Queens,Afghan,"35-57 Crescent St, Astoria, NY 11106", 917-832-7165,https://samis.nyc/,4.4,1674,2.0,Afghan,"Dine-in, Takeout, No-contact delivery",40.758408,-73.932968,https://maps.google.com/?cid=5502859836174318141,Astoria
Yemen Cafe & Restaurant,Staten Island,Yemeni,"1816 Hylan Blvd, Staten Island, NY 10305",718-504-4441,yemencafe.com,4.6,199,2.0,Yemeni,"Dine-in, Curbside pickup, No-contact delivery",40.5846618,-74.0936385,https://maps.google.com/?cid=14595409428834247248,Staten Island
Herbal Dispense,Staten Island,Cafe,"1759 Victory Blvd, Staten Island, NY 10314", 718-682-1255,herbaldispenseny.com,4.9,195,1.0,Cafe,"Dine-in, Curbside pickup, No-contact delivery",40.6132032,-74.1221819,https://maps.google.com/?cid=7890789132688730381,Staten Island
Pizza Loves Sauce,Manhattan ,Pizza,"147 E Houston St, New York, NY 10002",917-765-8029,pizzalovessauce.com,4.8,658,1.0,Pizza,"Dine-in, Curbside pickup, No-contact delivery",40.723033,-73.98969,https://maps.google.com/?cid=13060140320477355066,New York
109 Pizzeria,Manhattan ,Pizza,"1976 3Rd Ave, New York, NY 10029",631-284-8568,,5.0,12,1.0,Pizza,"Dine-in, Takeout, Delivery ",40.7933139,-73.9436351,https://maps.google.com/?cid=12490353526539901467,New York
Holy Cow,Queens,Chicken,"Jfk Travel Plaza Jfk International Airport Building #125 150Th Ave &, 148Th St, Jamaica, NY 11430",718-603-3327,http://holycow.nyc/,4.2,574,1.0,Chicken,"Dine-in, Takeout, Delivery ",40.6630036,-73.7929777,https://maps.google.com/?cid=13760635572687987922,Jamaica
Holy Cow,Queens,Chicken,"240-09 Linden Blvd, Elmont, NY 11003",516-200-6339,http://holycow.nyc/,4.3,773,1.0,Chicken,"Dine-in, Takeout, Delivery ",40.6897458,-73.7221108,https://maps.google.com/?cid=3044755599933010871,Elmont
Holy Cow,Brooklyn ,Chicken,"4113 Avenue U, Brooklyn, NY 11234",718-734-2540,http://holycow.nyc/,4.8,534,1.0,Chicken,"Dine-in, Takeout, Delivery ",40.6090364,-73.9240817,https://maps.google.com/?cid=3151056077561710541,Brooklyn
HYDERABADI ZAIQA,Manhattan ,Indian,"366 W 52Nd St, New York, NY 10019",646-952-0066,http://hyderabadizaiqa.com/,4.5,436,2.0,Indian,"Dine-in, Takeout, Delivery ",40.7643836,-73.9876243,https://maps.google.com/?cid=8912636277894665125,New York
Jakarta Munch,Manhattan ,Indonesian,"135 W 50Th St, New York, NY 10020",973-489-9409,www.jakartamunchnewyork.com,4.4,137,1.0,Indonesian,"Dine-in, Curbside pickup, Delivery",40.7608781,-73.982472,https://maps.google.com/?cid=2956475340658411726,New York
Crepe Mania New York,Queens,Dessert,"98-02 101St Ave, Ozone Park, NY 11416", 718-880-1865,https://crepemaniany.square.site/,4.3,41,1.0,Dessert,"Dine-in, Delivery ",40.684904,-73.8431239,https://maps.google.com/?cid=17813508846292619710,Ozone Park
